10006;EULER
10030;EULER
10057;EULER
10078;EULER
10102;EULER
10104;EULER
10107;EULER
10108;EULER
10137;EULER
10138;EULER
10145;EULER
10147;EULER
10153;EULER
10161;EULER
10209;EULER
10225;EULER
10233;EULER
10241;EULER
10276;EULER
10299;EULER
10321;EULER
10324;EULER
10353;EULER
10364;EULER
10372;EULER
10401;EULER
10436;EULER
10479;EULER
10487;EULER
10495;EULER
10516;EULER
10524;EULER
10559;EULER
10562;EULER
10575;EULER
10591;EULER
10604;EULER
10623;EULER
10693;EULER
10696;EULER
10725;EULER
10727;EULER
10735;EULER
10751;EULER
10786;EULER
10791;EULER
10807;EULER
10823;EULER
10866;EULER
10874;EULER
10890;EULER
10909;EULER
10942;EULER
10970;EULER
10989;EULER
11033;EULER
11041;EULER
11042;EULER
11068;EULER
11081;EULER
11092;EULER
11148;EULER
11156;EULER
11164;EULER
11260;EULER
11287;EULER
11295;EULER
11308;EULER
11332;EULER
11340;EULER
11367;EULER
11375;EULER
11391;EULER
11404;EULER
11415;EULER
11439;EULER
11447;EULER
11471;EULER
11527;EULER
11543;EULER
11552;EULER
11600;EULER
11607;EULER
11618;EULER
11626;EULER
11658;EULER
11674;EULER
11690;EULER
11703;EULER
11746;EULER
11754;EULER
11762;EULER
11826;EULER
11850;EULER
11896;EULER
11949;EULER
11955;EULER
11970;EULER
11976;EULER
11981;EULER
11983;EULER
11997;EULER
12044;EULER
12052;EULER
12060;EULER
12062;EULER
12067;EULER
12073;EULER
12079;EULER
12095;EULER
12124;EULER
12140;EULER
12167;EULER
12183;EULER
12191;EULER
12319;EULER
12343;EULER
12345;EULER
12369;EULER
12431;EULER
12456;EULER
12458;EULER
12466;EULER
12490;EULER
12503;EULER
12511;EULER
12542;EULER
12546;EULER
12558;EULER
12570;EULER
12626;EULER
12650;EULER
12669;EULER
12706;EULER
12730;EULER
12749;EULER
12757;EULER
12781;EULER
12837;EULER
12872;EULER
12888;EULER
12896;EULER
12909;EULER
12933;EULER
12941;EULER
12976;EULER
13012;EULER
13035;EULER
13056;EULER
13063;EULER
13100;EULER
13103;EULER
13119;EULER
13135;EULER
13141;EULER
13142;EULER
13143;EULER
13168;EULER
13274;EULER
13290;EULER
13303;EULER
13311;EULER
13354;EULER
13356;EULER
13370;EULER
13407;EULER
13434;EULER
13442;EULER
13522;EULER
13567;EULER
13573;EULER
13586;EULER
13598;EULER
13610;EULER
13637;EULER
13661;EULER
13688;EULER
13721;EULER
13788;EULER
13792;EULER
13805;EULER
13821;EULER
13856;EULER
13901;EULER
13928;EULER
13936;EULER
13963;EULER
14008;EULER
14066;EULER
14090;EULER
14154;EULER
14189;EULER
14218;EULER
14250;EULER
14277;EULER
14297;EULER
14322;EULER
14323;EULER
14357;EULER
14402;EULER
14429;EULER
14461;EULER
14488;EULER
14496;EULER
14509;EULER
14525;EULER
14533;EULER
14541;EULER
14592;EULER
14593;EULER
14613;EULER
14656;EULER
14664;EULER
14702;EULER
14736;EULER
14760;EULER
14795;EULER
14859;EULER
14867;EULER
14883;EULER
14891;EULER
14904;EULER
14912;EULER
15042;EULER
15069;EULER
15077;EULER
15149;EULER
15157;EULER
15165;EULER
15202;EULER
15237;EULER
15317;EULER
15341;EULER
15368;EULER
15448;EULER
15456;EULER
15464;EULER
15472;EULER
15480;EULER
15499;EULER
15528;EULER
15536;EULER
15544;EULER
15553;EULER
15560;EULER
15579;EULER
15659;EULER
15667;EULER
15712;EULER
15720;EULER
15747;EULER
15763;EULER
15819;EULER
15835;EULER
15843;EULER
15915;EULER
15966;EULER
15974;EULER
16029;EULER
16088;EULER
16109;EULER
16205;EULER
16256;EULER
16280;EULER
16336;EULER
16344;EULER
16360;EULER
16424;EULER
16432;EULER
16571;EULER
16598;EULER
16600;EULER
16619;EULER
16651;EULER
16678;EULER
16686;EULER
16707;EULER
16723;EULER
16731;EULER
16758;EULER
16803;EULER
16870;EULER
16969;EULER
17005;EULER
17013;EULER
17048;EULER
17128;EULER
17137;EULER
17144;EULER
17232;EULER
17267;EULER
17278;EULER
17279;EULER
17291;EULER
17304;EULER
17312;EULER
17340;EULER
17435;EULER
17451;EULER
17478;EULER
17515;EULER
17558;EULER
17566;EULER
17582;EULER
17590;EULER
17646;EULER
17654;EULER
17689;EULER
17718;EULER
17726;EULER
17750;EULER
17806;EULER
17830;EULER
17953;EULER
17961;EULER
18016;EULER
18032;EULER
18067;EULER
18091;EULER
18092;EULER
18112;EULER
18147;EULER
18163;EULER
18278;EULER
18315;EULER
18331;EULER
18374;EULER
18382;EULER
18390;EULER
18403;EULER
18411;EULER
18446;EULER
18542;EULER
18550;EULER
18551;EULER
18569;EULER
18649;EULER
18681;EULER
18729;EULER
18825;EULER
18841;EULER
18884;EULER
18921;EULER
18948;EULER
18980;EULER
18999;EULER
19019;EULER
19027;EULER
19051;EULER
19107;EULER
19131;EULER
19166;EULER
19174;EULER
19203;EULER
19211;EULER
19238;EULER
19254;EULER
19270;EULER
19297;EULER
19334;EULER
19350;EULER
19377;EULER
19385;EULER
19393;EULER
19414;EULER
19430;EULER
19502;EULER
19510;EULER
19537;EULER
19553;EULER
19561;EULER
19589;EULER
19596;EULER
19617;EULER
19668;EULER
19684;EULER
19692;EULER
19713;EULER
19721;EULER
19756;EULER
19764;EULER
19772;EULER
19828;EULER
19844;EULER
19879;EULER
19887;EULER
19895;EULER
19916;EULER
19932;EULER
19940;EULER
20001;EULER
20036;EULER
20053;EULER
20079;EULER
20095;EULER
20124;EULER
20167;EULER
20204;EULER
20220;EULER
20239;EULER
20263;EULER
20298;EULER
20343;EULER
20386;EULER
20394;EULER
20407;EULER
20415;EULER
20431;EULER
20474;EULER
20482;EULER
20503;EULER
20511;EULER
20562;EULER
20570;EULER
20626;EULER
20677;EULER
20714;EULER
20730;EULER
20853;EULER
20896;EULER
20909;EULER
20976;EULER
20984;EULER
20992;EULER
21004;EULER
21020;EULER
21055;EULER
21119;EULER
21178;EULER
21186;EULER
21194;EULER
21207;EULER
21231;EULER
21266;EULER
21274;EULER
21282;EULER
21290;EULER
21303;EULER
21338;EULER
21346;EULER
21370;EULER
21371;EULER
21397;EULER
21418;EULER
21434;EULER
21450;EULER
21469;EULER
21485;EULER
21514;EULER
21522;EULER
21530;EULER
21549;EULER
21557;EULER
21573;EULER
21645;EULER
21709;EULER
21768;EULER
21776;EULER
21792;EULER
21821;EULER
21901;EULER
21928;EULER
21936;EULER
21979;EULER
21995;EULER
22007;EULER
22023;EULER
22032;EULER
22066;EULER
22074;EULER
22082;EULER
22103;EULER
22111;EULER
22138;EULER
22170;EULER
22189;EULER
22218;EULER
22242;EULER
22250;EULER
22293;EULER
22306;EULER
22330;EULER
22365;EULER
22381;EULER
22402;EULER
22410;EULER
22429;EULER
22461;EULER
22488;EULER
22496;EULER
22509;EULER
22517;EULER
22533;EULER
22541;EULER
22568;EULER
22592;EULER
22613;EULER
22648;EULER
22680;EULER
22699;EULER
22728;EULER
22752;EULER
22753;EULER
22760;EULER
22779;EULER
22787;EULER
22808;EULER
22840;EULER
22859;EULER
22891;EULER
22920;EULER
22939;EULER
22947;EULER
23018;EULER
23026;EULER
23050;EULER
23077;EULER
23085;EULER
23114;EULER
23130;EULER
23210;EULER
23229;EULER
23237;EULER
23253;EULER
23288;EULER
23296;EULER
23309;EULER
23317;EULER
23318;EULER
23325;EULER
23341;EULER
23384;EULER
23421;EULER
23448;EULER
23456;EULER
23464;EULER
23473;EULER
23480;EULER
23499;EULER
23501;EULER
23528;EULER
23536;EULER
23552;EULER
23579;EULER
23587;EULER
23660;EULER
23683;EULER
23712;EULER
23720;EULER
23800;EULER
23819;EULER
23851;EULER
23878;EULER
23886;EULER
23887;EULER
23894;EULER
23907;EULER
23915;EULER
23931;EULER
23990;EULER
24002;EULER
24010;EULER
24037;EULER
24046;EULER
24061;EULER
24088;EULER
24096;EULER
24109;EULER
24141;EULER
24176;EULER
24184;EULER
24192;EULER
24205;EULER
24221;EULER
24264;EULER
24272;EULER
24328;EULER
24336;EULER
24360;EULER
24387;EULER
24459;EULER
24504;EULER
24539;EULER
24555;EULER
24563;EULER
24571;EULER
24627;EULER
24635;EULER
24643;EULER
24651;EULER
24678;EULER
24707;EULER
24715;EULER
24766;EULER
24803;EULER
24811;EULER
24854;EULER
24889;EULER
24942;EULER
24985;EULER
24993;EULER
25005;EULER
25013;EULER
25022;EULER
25056;EULER
25072;EULER
25081;EULER
25099;EULER
25128;EULER
25144;EULER
25160;EULER
25195;EULER
25216;EULER
25232;EULER
25267;EULER
25320;EULER
25339;EULER
25371;EULER
25419;EULER
25478;EULER
25487;EULER
25507;EULER
25515;EULER
25574;EULER
25582;EULER
25590;EULER
25611;EULER
25646;EULER
25662;EULER
25689;EULER
25697;EULER
25718;EULER
25769;EULER
25778;EULER
25785;EULER
25873;EULER
25902;EULER
25910;EULER
25953;EULER
25988;EULER
26075;EULER
26112;EULER
26120;EULER
26155;EULER
26286;EULER
26294;EULER
26307;EULER
26323;EULER
26332;EULER
26366;EULER
26382;EULER
26390;EULER
26403;EULER
26438;EULER
26446;EULER
26462;EULER
26497;EULER
26518;EULER
26534;EULER
26542;EULER
26550;EULER
26569;EULER
26622;EULER
26649;EULER
26657;EULER
26681;EULER
26710;EULER
26729;EULER
26737;EULER
26788;EULER
26825;EULER
26884;EULER
26921;EULER
27000;EULER
27027;EULER
27043;EULER
27051;EULER
27086;EULER
27087;EULER
27115;EULER
27158;EULER
27174;EULER
27182;EULER
27190;EULER
27238;EULER
27263;EULER
27297;EULER
27342;EULER
27422;EULER
27430;EULER
27465;EULER
27473;EULER
27510;EULER
27537;EULER
27561;EULER
27596;EULER
27617;EULER
27633;EULER
27713;EULER
27748;EULER
27749;EULER
27756;EULER
27764;EULER
27828;EULER
27836;EULER
27852;EULER
27879;EULER
27887;EULER
27916;EULER
27924;EULER
27940;EULER
27959;EULER
27983;EULER
27991;EULER
28003;EULER
28089;EULER
28118;EULER
28134;EULER
28169;EULER
28177;EULER
28222;EULER
28265;EULER
28310;EULER
28345;EULER
28353;EULER
28388;EULER
28433;EULER
28484;EULER
28505;EULER
28513;EULER
28548;EULER
28580;EULER
28847;EULER
28994;EULER
29102;EULER
29196;EULER
29911;EULER
29946;EULER
29962;EULER
30067;EULER
30330;EULER
30365;EULER
30382;EULER
30681;EULER
30912;EULER
30940;EULER
31536;EULER
31659;EULER
31763;EULER
32141;EULER
32205;EULER
32379;EULER
32475;EULER
32563;EULER
32707;EULER
32791;EULER
32870;EULER
33056;EULER
33312;EULER
33785;EULER
33814;EULER
33873;EULER
34024;EULER
34032;EULER
34040;EULER
34147;EULER
34550;EULER
34746;EULER
34817;EULER
34833;EULER
34841;EULER
35044;EULER
35051;EULER
35166;EULER
35211;EULER
35238;EULER
35554;EULER
36127;EULER
36397;EULER
36468;EULER
36469;EULER
36505;EULER
36978;EULER
37065;EULER
37102;EULER
37161;EULER
37284;EULER
37584;EULER
38041;EULER
38156;EULER
38280;EULER
38324;EULER
38404;EULER
38455;EULER
38551;EULER
38578;EULER
38682;EULER
38703;EULER
38762;EULER
38850;EULER
38885;EULER
38893;EULER
38914;EULER
38930;EULER
38973;EULER
39087;EULER
39140;EULER
39263;EULER
39271;EULER
39300;EULER
39335;EULER
39394;EULER
39458;EULER
39490;EULER
39538;EULER
39626;EULER
39642;EULER
39669;EULER
39765;EULER
39896;EULER
39917;EULER
39992;EULER
40010;EULER
40053;EULER
40061;EULER
40125;EULER
40141;EULER
40221;EULER
40272;EULER
40301;EULER
40352;EULER
40416;EULER
40432;EULER
40483;EULER
40484;EULER
40539;EULER
40635;EULER
40723;EULER
40758;EULER
40790;EULER
40838;EULER
40854;EULER
41080;EULER
41081;EULER
41160;EULER
41179;EULER
41355;EULER
41427;EULER
41443;EULER
41478;EULER
41486;EULER
41515;EULER
41523;EULER
41662;EULER
41718;EULER
41785;EULER
41929;EULER
41953;EULER
42024;EULER
42075;EULER
42083;EULER
42091;EULER
42104;EULER
42200;EULER
42235;EULER
42323;EULER
42462;EULER
42526;EULER
42534;EULER
42550;EULER
42569;EULER
42585;EULER
42606;EULER
42657;EULER
42753;EULER
42796;EULER
42833;EULER
42906;EULER
42999;EULER
43094;EULER
43123;EULER
43132;EULER
43203;EULER
43298;EULER
43318;EULER
43342;EULER
43350;EULER
43449;EULER
43502;EULER
43510;EULER
43553;EULER
43609;EULER
43610;EULER
43633;EULER
43772;EULER
43916;EULER
44062;EULER
44206;EULER
44273;EULER
44505;EULER
44601;EULER
44644;EULER
44652;EULER
44792;EULER
44951;EULER
45014;EULER
45065;EULER
45081;EULER
45225;EULER
45241;EULER
45277;EULER
45356;EULER
45428;EULER
45495;EULER
45604;EULER
45620;EULER
45663;EULER
45671;EULER
45751;EULER
45794;EULER
45970;EULER
46201;EULER
46228;EULER
46252;EULER
46288;EULER
46295;EULER
46391;EULER
46447;EULER
46544;EULER
46578;EULER
46594;EULER
46615;EULER
46658;EULER
46674;EULER
46682;EULER
46703;EULER
46754;EULER
46850;EULER
46877;EULER
46886;EULER
46922;EULER
47028;EULER
47052;EULER
47079;EULER
47159;EULER
47175;EULER
47271;EULER
47300;EULER
47386;EULER
47466;EULER
47482;EULER
47490;EULER
47562;EULER
47626;EULER
47837;PC
47896;PC
47941;PC
47992;PC
48071;PC
48119;PC
48223;PC
48258;PC
48267;PC
48274;PC
48354;PC
48397;PC
48434;PC
48485;PC
48486;PC
48506;PC
48514;PC
48549;PC
48565;PC
48653;PC
48725;PC
48960;PC
49015;PC
49154;PC
49373;PC
49429;PC
49592;PC
49606;PC
49656;PC
49680;PC
49744;PC
49905;PC
49920;PC
49955;PC
50017;PC
50024;PC
50032;PC
50156;PC
50200;PC
50227;PC
50403;PC
50404;PC
50534;PC
50681;PC
50737;PC
50876;PC
50905;PC
50906;PC
50956;PC
51027;PC
51043;PC
51263;PC
51369;PC
51377;PC
51561;PC
51588;PC
51596;PC
51625;PC
51706;PC
51772;PC
51799;PC
51801;PC
52038;PC
52062;PC
52070;PC
52090;PC
52230;PC
52329;PC
52337;PC
52476;PC
52505;PC
52564;PC
52695;PC
52708;PC
52821;PC
52919;PC
52978;PC
53065;PC
53081;PC
53225;PC
53401;PC
53479;PC
53612;PC
53613;PC
53786;PC
53831;PC
53858;PC
53866;PC
53903;PC
53938;PC
54009;PC
54148;PC
54181;PC
54447;PC
54463;PC
54615;PC
54690;PC
54754;PC
54827;PC
55079;PC
55212;PC
55351;PC
55386;PC
55685;PC
55976;PC
56012;PC
56098;PC
56186;PC
56223;PC
56232;PC
56266;PC
56274;PC
56450;PC
56485;PC
56573;PC
56805;PC
56864;PC
57234;PC
57250;PC
57381;PC
57488;PC
57568;PC
57592;PC
57665;PC
57779;PC
57817;PC
57904;PC
58085;PC
58093;PC
58094;PC
58246;PC
58296;PC
58318;PC
58464;PC
58472;PC
58480;PC
58596;PC
58640;PC
58659;PC
58683;PC
58827;PC
58990;PC
59010;PC
59176;PC
59184;PC
59192;PC
59205;PC
59221;PC
59248;PC
59328;PC
59345;PC
59379;PC
59408;PC
59416;PC
59432;PC
59440;PC
59459;PC
59467;PC
59483;PC
59707;PC
59811;PC
59926;PC
60046;PC
60097;PC
60206;PC
60337;PC
60441;PC
60442;PC
60506;PC
60572;PC
60599;PC
60628;PC
60839;PC
60871;PC
60900;PC
60943;PC
60986;PC
61065;PC
61241;PC
61284;PC
61399;PC
61583;PC
61621;PC
61663;PC
61735;PC
61743;PC
61794;PC
61815;PC
61890;PC
61970;PC
62092;PC
62148;PC
62164;PC
62252;PC
62308;PC
62324;PC
62519;PC
62770;PC
62834;PC
63060;PC
63096;PC
63108;PC
63255;PC
63765;PC
63802;PC
63830;PC
63845;PC
64020;PC
64064;PC
64186;PC
64207;PC
64282;PC
64311;PC
64346;PC
64390;PC
64451;PC
64477;PC
64531;PC
64565;PC
64629;PC
64653;PC
64856;PC
64936;PC
64995;PC
65066;PC
65138;PC
65330;PC
65568;PC
65787;PC
65816;PC
65859;PC
65875;PC
65883;PC
65947;PC
66018;PC
66026;PC
66069;PC
66093;PC
66114;PC
66122;PC
66157;PC
66181;PC
66325;PC
66384;PC
66800;PC
67467;PC
67571;PC
67598;PC
68049;PC
68144;PC
68304;PC
68347;PC
68523;PC
68591;PC
68857;PC
69024;PC
69032;PC
69550;PC
69607;PC
69796;PC
70033;PC
70092;PC
70229;PC
70308;PC
70332;PC
70376;PC
70500;PC
70519;PC
70536;PC
70578;PC
71001;PC
71175;PC
71298;PC
71563;PC
71686;PC
71765;PC
71889;PC
71984;PC
72726;PC
73139;PC
73940;PC
74617;PC
75030;PC
75034;PC
75100;PC
75154;PC
75175;PC
75181;PC
75186;PC
75224;PC
75241;PC
75257;PC
75333;PC
75423;PC
75489;PC
75510;PC
75573;PC
75577;PC
75592;PC
75607;PC
75625;PC
75646;PC
75647;PC
75789;PC
75819;PC
75825;PC
75828;PC
75857;PC
75912;PC
76070;PC
76076;PC
76082;PC
76090;PC
76122;PC
76129;PC
76149;PC
76171;PC
76201;PC
76226;PC
76240;PC
76282;PC
76285;PC
76512;PC
76557;PC
76563;PC
76565;PC
76597;PC
76605;PC
76608;PC
76614;PC
76619;PC
76624;PC
76625;PC
76638;PC
76639;PC
76644;PC
76656;PC
76708;PC
76712;PC
76744;PC
76754;PC
76757;PC
76804;PC
76841;PC
76887;PC
77063;PC
77129;PC
77150;PC
77157;PC
77173;PC
77178;PC
77182;PC
77274;PC
77281;PC
77284;PC
77338;PC
77418;PC
77462;PC
77481;PC
77496;PC
77546;PC
77605;PC
77606;PC
77644;PC
77659;PC
77661;PC
77668;PC
77702;PC
77730;PC
77768;PC
77976;PC
78034;PC
78083;PC
78139;PC
78263;PC
78788;PC
78840;PC
78877;PC
78916;PC
78927;PC
78946;PC
78968;PC
78975;PC
78987;PC
79041;PC
79057;PC
79089;PC
79094;PC
79103;PC
79108;PC
79119;PC
79129;PC
79212;PC
79237;PC
79250;PC
79265;PC
79323;PC
79411;PC
79545;PC
79547;PC
79718;PC
79764;PC
79879;PC
79881;PC
79915;PC
79973;PC
80055;PC
80080;PC
80094;PC
80100;PC
80266;PC
80303;PC
80381;PC
80399;PC
80406;PC
80410;PC
80411;PC
80470;PC
80506;PC
80515;PC
80599;PC
80678;PC
80694;PC
80711;PC
80913;PC
81055;PC
81061;PC
81126;PC
81138;PC
81193;PC
81262;PC
81285;PC
81481;PC
81540;PC
81593;PC
81655;PC
81774;PC
81776;PC
81857;PC
81910;PC
82196;PC
82298;PC
82307;PC
82308;PC
82309;PC
82598;PC
82618;PC
82642;PC
82643;PC
82647;PC
82651;PC
82686;PC
82705;PC
82775;PC
82776;PC
82959;PC
83111;PC
83143;PC
83332;PC
83413;PC
83421;PC
83435;PC
83440;PC
83443;PC
83462;PC
83583;PC
83596;PC
83601;PC
83630;PC
83693;PC
83699;PC
83862;PC
83906;PC
83976;PC
83981;PC
83988;PC
84001;PC
84020;PC
84032;PC
84036;PC
84129;PC
84176;PC
84342;PC
84372;PC
84373;PC
84375;PC
84381;PC
84519;PC
84769;PC
84788;PC
85032;PC
85058;PC
85072;PC
85073;PC
85238;PC
85257;PC
85269;PC
85271;PC
85348;PC
85459;PC
85516;PC
85522;PC
85592;PC
85599;PC
85631;PC
85753;PC
85792;PC
85869;PC
85908;PC
85913;PC
85914;PC
85926;PC
85963;PC
86021;PC
86041;PC
86102;PC
86111;PC
86136;PC
86158;PC
86176;PC
86228;PC
86239;PC
86305;PC
86314;PC
86326;PC
86339;PC
86356;PC
86414;PC
86496;PC
86580;PC
86591;PC
86725;PC
86756;PC
86783;PC
86799;PC
86845;PC
86868;PC
86946;PC
86964;PC
86976;PC
86979;PC
87029;PC
87055;PC
87070;PC
87127;PC
87137;PC
87184;PC
87267;PC
87292;PC
87299;PC
87432;PC
87447;PC
87536;PC
87657;PC
87717;PC
87800;PC
87842;PC
88031;PC
88313;PC
88319;PC
88352;PC
88388;PC
88587;PC
88590;PC
88601;PC
88661;PC
88668;PC
88837;PC
88845;PC
88853;PC
88991;PC
89001;PC
89002;PC
89003;PC
89004;PC
89006;PC
89014;PC
89070;PC
89071;PC
89105;PC
89179;PC
89195;PC
89258;PC
89301;PC
89392;PC
89393;PC
89463;PC
89495;PC
89508;PC
89525;PC
89533;PC
89626;PC
89641;PC
89757;PC
89813;PC
89954;PC
90038;PC
90071;PC
90110;PC
90162;PC
90199;PC
90215;PC
90319;PC
90352;PC
90386;PC
90435;PC
90441;PC
90537;PC
90547;PC
90601;PC
90609;PC
90721;PC
90805;PC
90808;PC
90829;PC
90880;PC
90993;PC
91063;PC
91068;PC
91143;PC
91207;PC
91218;PC
91233;PC
91380;PC
91388;PC
91391;PC
91392;PC
91461;PC
91547;PC
91556;PC
91611;PC
91650;PC
91883;PC
91926;PC
91937;PC
92121;PC
92156;PC
92157;PC
92293;PC
92602;PC
92611;PC
92618;PC
92655;PC
92709;PC
92890;PC
92988;PC
93096;PC
93159;PC
93422;PC
